date,wilb,thao,josh,total7/2/15,3,1,0,47/3/15,189,200,81,4707/4/15,4,2,3,97/6/15,302,173,173,6487/7/15,90,103,73,2667/8/15,177,147,92,4167/9/15,142,118,89,3497/10/15,104,84,86,2747/12/15,71,14,58,1437/13/15,113,98,98,3097/14/15,158,144,116,4187/15/15,214,146,109,4697/16/15,178,161,60,3997/17/15,205,139,211,5557/18/15,120,25,56,2017/19/15,56,20,63,1397/20/15,149,147,99,3957/21/15,21,27,13,617/22/15,163,119,112,3947/23/15,161,66,172,3997/24/15,289,207,261,7577/25/15,164,100,141,4057/26/15,335,167,218,7207/27/15,288,219,81,5887/28/15,62,75,47,1847/29/15,116,126,103,3457/30/15,256,100,255,6117/31/15,106,60,106,2728/1/15,174,101,85,3608/2/15,193,3,176,3728/3/15,74,49,67,1908/4/15,48,71,51,1708/5/15,37,53,74,1648/6/15,76,108,103,2878/7/15,165,189,93,4478/8/15,55,66,37,1588/9/15,202,22,216,4408/10/15,178,41,137,3568/11/15,106,34,74,2148/12/15,9,8,16,338/13/15,134,44,180,3588/14/15,22,13,15,508/15/15,142,7,95,2448/17/15,56,92,57,2058/18/15,39,7,67,1138/19/15,120,39,109,2688/20/15,178,49,127,3548/21/15,192,57,199,4488/22/15,94,9,46,1498/23/15,118,43,69,2308/24/15,175,33,185,3938/25/15,211,5,166,3828/26/15,178,12,108,2988/27/15,72,0,55,1278/28/15,60,3,40,1038/29/15,45,0,36,818/30/15,10,0,7,178/31/15,32,18,19,699/1/15,55,30,47,1329/2/15,79,36,102,2179/3/15,94,49,91,2349/4/15,159,69,189,4179/5/15,41,33,24,989/7/15,13,17,15,459/8/15,58,33,55,1469/9/15,171,18,135,3249/10/15,106,89,137,3329/11/15,21,2,29,529/12/15,137,24,128,2899/13/15,115,16,102,2339/14/15,160,28,150,3389/15/15,216,5,278,4999/16/15,86,19,86,1919/17/15,124,0,147,2719/18/15,101,23,128,2529/19/15,21,0,19,409/20/15,89,6,108,2039/21/15,147,42,146,3359/22/15,179,59,257,4959/23/15,101,25,99,2259/24/15,290,159,348,7979/25/15,239,63,275,5779/26/15,399,67,415,8819/27/15,144,25,118,2879/28/15,210,53,242,5059/29/15,158,42,161,3619/30/15,120,4,157,28110/1/15,211,42,274,52710/2/15,389,106,451,94610/3/15,76,43,16,13510/4/15,151,66,38,25510/5/15,236,61,159,45610/6/15,312,51,330,69310/7/15,134,50,128,31210/8/15,179,95,161,43510/9/15,255,145,107,50710/10/15,206,11,114,33110/11/15,163,28,118,30910/12/15,344,32,382,75810/13/15,172,8,242,42210/14/15,281,32,277,59010/15/15,248,20,233,50110/16/15,303,63,375,74110/17/15,72,51,104,22710/18/15,30,1,42,7310/19/15,63,33,131,22710/20/15,146,10,132,28810/21/15,284,42,312,63810/22/15,332,57,288,67710/23/15,155,16,135,30610/24/15,190,132,29,35110/25/15,115,1,113,22910/26/15,314,2,375,69110/27/15,250,6,296,55210/28/15,247,19,242,50810/29/15,242,7,204,45310/30/15,179,35,158,37210/31/15,14,0,15,2911/1/15,116,0,192,30811/2/15,176,0,151,32711/3/15,397,8,332,73711/4/15,347,10,335,69211/5/15,312,10,380,70211/6/15,791,31,763,158511/7/15,29,3,22,5411/8/15,141,35,127,30311/9/15,590,17,438,104511/10/15,362,31,280,67311/11/15,168,48,194,41011/12/15,172,8,160,34011/13/15,301,11,295,60711/14/15,93,0,98,19111/15/15,128,0,83,21111/16/15,587,90,480,115711/17/15,732,45,667,144411/18/15,647,0,574,122111/19/15,638,40,420,109811/20/15,440,65,362,86711/21/15,97,14,82,19311/22/15,368,222,239,82911/23/15,694,77,703,147411/24/15,401,118,325,84411/25/15,500,55,453,100811/26/15,144,81,131,35611/27/15,125,19,201,34511/28/15,70,3,60,13311/29/15,159,13,117,28911/30/15,326,58,307,69112/1/15,336,59,272,66712/2/15,431,0,392,82312/3/15,513,18,532,106312/4/15,901,23,648,157212/5/15,121,47,86,25412/6/15,77,1,55,13312/7/15,966,122,749,183712/8/15,916,280,640,183612/9/15,688,126,662,147612/10/15,589,123,439,115112/11/15,220,46,313,57912/12/15,54,0,35,8912/13/15,267,16,261,54412/14/15,697,126,605,142812/15/15,455,109,403,96712/16/15,428,54,419,90112/17/15,353,27,376,75612/18/15,710,71,697,147812/19/15,133,29,137,29912/20/15,68,44,17,12912/21/15,470,84,428,98212/22/15,60,56,92,20812/23/15,167,51,196,41412/24/15,95,0,94,18912/25/15,177,54,111,34212/26/15,185,14,190,38912/27/15,42,27,84,15312/28/15,136,23,125,28412/29/15,80,24,99,20312/30/15,168,31,201,40012/31/15,31,5,27,631/1/16,36,1,26,631/2/16,363,13,375,7511/3/16,146,6,187,3391/4/16,840,241,769,18501/5/16,594,90,499,11831/6/16,798,43,803,16441/7/16,786,490,776,20521/8/16,740,90,790,16201/9/16,100,7,92,1991/10/16,86,7,79,1721/11/16,668,90,600,13581/12/16,614,13,631,12581/13/16,649,102,574,13251/14/16,374,21,344,7391/15/16,190,7,240,4371/16/16,171,0,148,3191/17/16,243,20,245,5081/18/16,71,30,69,1701/19/16,386,2,475,8631/20/16,223,33,274,5301/21/16,304,30,341,6751/22/16,324,28,360,7121/23/16,95,25,76,1961/24/16,228,9,306,5431/25/16,196,2,225,4231/26/16,687,8,614,13091/27/16,259,44,216,5191/28/16,645,101,626,13721/29/16,479,60,569,11081/30/16,181,139,49,3691/31/16,86,8,69,1632/1/16,584,20,560,11642/2/16,406,128,314,8482/3/16,353,84,247,6842/4/16,637,160,405,12022/5/16,318,72,229,6192/6/16,194,114,36,3442/7/16,121,84,27,2322/8/16,576,50,548,11742/9/16,335,48,259,6422/10/16,371,15,351,7372/11/16,545,21,451,10172/12/16,103,23,45,1712/13/16,91,79,12,1822/14/16,100,17,67,1842/15/16,220,115,108,4432/16/16,622,145,572,13392/17/16,573,7,479,10592/18/16,427,55,427,9092/19/16,740,79,567,13862/20/16,169,138,37,3442/21/16,229,107,129,4652/22/16,682,147,443,12722/23/16,566,134,703,14032/24/16,845,294,596,17352/25/16,396,35,411,8422/26/16,1075,7,963,20452/27/16,132,7,113,2522/28/16,135,23,109,2672/29/16,700,67,794,15613/1/16,921,105,999,20253/2/16,760,143,513,14163/3/16,676,72,562,13103/4/16,650,1,681,13323/5/16,56,5,44,1053/6/16,25,5,27,573/7/16,693,41,829,15633/8/16,539,73,606,12183/9/16,450,152,440,10423/10/16,548,146,493,1187